,nose_x,nose_y,neck_x,neck_y,Rshoulder_x,Rshoulder_y,Relbow_x,Relbow_y,Rwrist_x,Rwrist_y,Lshoulder_x,Lshoulder_y,Lelbow_x,Lelbow_y,Lwrist_x,Lwrist_y,Rhip_x,Rhip_y,Rknee_x,Rknee_y,Rankle_x,Rankle_y,Lhip_x,Lhip_y,Lknee_x,Lknee_y,Lankle_x,Lankle_y,Reye_x,Reye_y,Leye_x,Leye_y,Rear_x,Rear_y,Lear_x,Lear_y,class
0,0.54,0.4666666666666667,0.5333333333333333,0.5733333333333334,0.4266666666666667,0.5933333333333334,0.0,0.0,0.0,0.0,0,0,0,0,0,0,0,0,0,0,0,0,0,0,0,0,0,0,0,0,0,0,0,0,0,0,3
1,0.54,0.4666666666666667,0.5333333333333333,0.5733333333333334,0.4266666666666667,0.5933333333333334,0.0,0.0,0.0,0.0,0,0,0,0,0,0,0,0,0,0,0,0,0,0,0,0,0,0,0,0,0,0,0,0,0,0,3
2,0.54,0.4666666666666667,0.5333333333333333,0.5733333333333334,0.4266666666666667,0.5933333333333334,0.0,0.0,0.0,0.0,0,0,0,0,0,0,0,0,0,0,0,0,0,0,0,0,0,0,0,0,0,0,0,0,0,0,3
3,0.54,0.4666666666666667,0.56,0.8466666666666667,0.0,0.0,0.0,0.0,0.0,0.0,0,0,0,0,0,0,0,0,0,0,0,0,0,0,0,0,0,0,0,0,0,0,0,0,0,0,3
4,0.54,0.4666666666666667,0.56,0.8466666666666667,0.0,0.0,0.0,0.0,0.0,0.0,0,0,0,0,0,0,0,0,0,0,0,0,0,0,0,0,0,0,0,0,0,0,0,0,0,0,3
5,0.5333333333333333,0.4666666666666667,0.5533333333333333,0.84,0.0,0.0,0.0,0.0,0.0,0.0,0,0,0,0,0,0,0,0,0,0,0,0,0,0,0,0,0,0,0,0,0,0,0,0,0,0,3
6,0.5333333333333333,0.4666666666666667,0.5533333333333333,0.84,0.0,0.0,0.0,0.0,0.0,0.0,0,0,0,0,0,0,0,0,0,0,0,0,0,0,0,0,0,0,0,0,0,0,0,0,0,0,3
7,0.54,0.4666666666666667,0.5533333333333333,0.8533333333333334,0.0,0.0,0.0,0.0,0.0,0.0,0,0,0,0,0,0,0,0,0,0,0,0,0,0,0,0,0,0,0,0,0,0,0,0,0,0,3
8,0.54,0.4666666666666667,0.5533333333333333,0.8533333333333334,0.0,0.0,0.0,0.0,0.0,0.0,0,0,0,0,0,0,0,0,0,0,0,0,0,0,0,0,0,0,0,0,0,0,0,0,0,0,3
9,0.54,0.4666666666666667,0.56,0.8466666666666667,0.0,0.0,0.0,0.0,0.0,0.0,0,0,0,0,0,0,0,0,0,0,0,0,0,0,0,0,0,0,0,0,0,0,0,0,0,0,3
10,0.54,0.4666666666666667,0.56,0.8466666666666667,0.0,0.0,0.0,0.0,0.0,0.0,0,0,0,0,0,0,0,0,0,0,0,0,0,0,0,0,0,0,0,0,0,0,0,0,0,0,3
11,0.5466666666666666,0.4666666666666667,0.5666666666666667,0.84,0.0,0.0,0.0,0.0,0.0,0.0,0,0,0,0,0,0,0,0,0,0,0,0,0,0,0,0,0,0,0,0,0,0,0,0,0,0,3
12,0.5466666666666666,0.4666666666666667,0.5666666666666667,0.84,0.0,0.0,0.0,0.0,0.0,0.0,0,0,0,0,0,0,0,0,0,0,0,0,0,0,0,0,0,0,0,0,0,0,0,0,0,0,3
13,0.5466666666666666,0.4666666666666667,0.5666666666666667,0.84,0.0,0.0,0.0,0.0,0.0,0.0,0,0,0,0,0,0,0,0,0,0,0,0,0,0,0,0,0,0,0,0,0,0,0,0,0,0,3
14,0.5466666666666666,0.4666666666666667,0.5666666666666667,0.84,0.0,0.0,0.0,0.0,0.0,0.0,0,0,0,0,0,0,0,0,0,0,0,0,0,0,0,0,0,0,0,0,0,0,0,0,0,0,3
15,0.5466666666666666,0.47333333333333333,0.56,0.8333333333333334,0.0,0.0,0.0,0.0,0.0,0.0,0,0,0,0,0,0,0,0,0,0,0,0,0,0,0,0,0,0,0,0,0,0,0,0,0,0,3
16,0.5466666666666666,0.47333333333333333,0.56,0.8333333333333334,0.0,0.0,0.0,0.0,0.0,0.0,0,0,0,0,0,0,0,0,0,0,0,0,0,0,0,0,0,0,0,0,0,0,0,0,0,0,3
17,0.5533333333333333,0.47333333333333333,0.56,0.8733333333333333,0.0,0.0,0.0,0.0,0.0,0.0,0,0,0,0,0,0,0,0,0,0,0,0,0,0,0,0,0,0,0,0,0,0,0,0,0,0,3
18,0.5533333333333333,0.47333333333333333,0.56,0.8733333333333333,0.0,0.0,0.0,0.0,0.0,0.0,0,0,0,0,0,0,0,0,0,0,0,0,0,0,0,0,0,0,0,0,0,0,0,0,0,0,3
19,0.5666666666666667,0.47333333333333333,0.5666666666666667,0.86,0.0,0.0,0.0,0.0,0.0,0.0,0,0,0,0,0,0,0,0,0,0,0,0,0,0,0,0,0,0,0,0,0,0,0,0,0,0,3
20,0.5666666666666667,0.47333333333333333,0.5666666666666667,0.86,0.0,0.0,0.0,0.0,0.0,0.0,0,0,0,0,0,0,0,0,0,0,0,0,0,0,0,0,0,0,0,0,0,0,0,0,0,0,3
21,0.58,0.42,0.0,0.0,0.0,0.0,0.0,0.0,0.0,0.0,0,0,0,0,0,0,0,0,0,0,0,0,0,0,0,0,0,0,0,0,0,0,0,0,0,0,3
22,0.5866666666666667,0.44,0.0,0.0,0.0,0.0,0.0,0.0,0.0,0.0,0,0,0,0,0,0,0,0,0,0,0,0,0,0,0,0,0,0,0,0,0,0,0,0,0,0,3
23,0.58,0.4533333333333333,0.0,0.0,0.0,0.0,0.0,0.0,0.0,0.0,0,0,0,0,0,0,0,0,0,0,0,0,0,0,0,0,0,0,0,0,0,0,0,0,0,0,3
24,0.5666666666666667,0.44,0.0,0.0,0.0,0.0,0.0,0.0,0.0,0.0,0,0,0,0,0,0,0,0,0,0,0,0,0,0,0,0,0,0,0,0,0,0,0,0,0,0,3
25,0.58,0.4,0.5466666666666666,0.56,0.44666666666666666,0.5533333333333333,0.0,0.0,0.0,0.0,0,0,0,0,0,0,0,0,0,0,0,0,0,0,0,0,0,0,0,0,0,0,0,0,0,0,3
26,0.58,0.4,0.5466666666666666,0.56,0.44666666666666666,0.5533333333333333,0.0,0.0,0.0,0.0,0,0,0,0,0,0,0,0,0,0,0,0,0,0,0,0,0,0,0,0,0,0,0,0,0,0,3
27,0.58,0.4,0.5466666666666666,0.56,0.44666666666666666,0.5533333333333333,0.0,0.0,0.0,0.0,0,0,0,0,0,0,0,0,0,0,0,0,0,0,0,0,0,0,0,0,0,0,0,0,0,0,3
28,0.6,0.4,0.5666666666666667,0.5533333333333333,0.46,0.54,0.0,0.0,0.0,0.0,0,0,0,0,0,0,0,0,0,0,0,0,0,0,0,0,0,0,0,0,0,0,0,0,0,0,3
29,0.6,0.4,0.5666666666666667,0.5533333333333333,0.46,0.54,0.0,0.0,0.0,0.0,0,0,0,0,0,0,0,0,0,0,0,0,0,0,0,0,0,0,0,0,0,0,0,0,0,0,3
30,0.6,0.4,0.5666666666666667,0.5533333333333333,0.46,0.54,0.0,0.0,0.0,0.0,0,0,0,0,0,0,0,0,0,0,0,0,0,0,0,0,0,0,0,0,0,0,0,0,0,0,3
31,0.6266666666666667,0.4,0.5933333333333334,0.5333333333333333,0.4533333333333333,0.54,0.0,0.0,0.0,0.0,0,0,0,0,0,0,0,0,0,0,0,0,0,0,0,0,0,0,0,0,0,0,0,0,0,0,3
32,0.6266666666666667,0.4,0.5933333333333334,0.5333333333333333,0.4533333333333333,0.54,0.0,0.0,0.0,0.0,0,0,0,0,0,0,0,0,0,0,0,0,0,0,0,0,0,0,0,0,0,0,0,0,0,0,3
33,0.6266666666666667,0.4,0.5933333333333334,0.5333333333333333,0.4533333333333333,0.54,0.0,0.0,0.0,0.0,0,0,0,0,0,0,0,0,0,0,0,0,0,0,0,0,0,0,0,0,0,0,0,0,0,0,3
34,0.6133333333333333,0.41333333333333333,0.5933333333333334,0.5466666666666666,0.0,0.0,0.0,0.0,0.0,0.0,0,0,0,0,0,0,0,0,0,0,0,0,0,0,0,0,0,0,0,0,0,0,0,0,0,0,3
35,0.6133333333333333,0.41333333333333333,0.5933333333333334,0.5466666666666666,0.0,0.0,0.0,0.0,0.0,0.0,0,0,0,0,0,0,0,0,0,0,0,0,0,0,0,0,0,0,0,0,0,0,0,0,0,0,3
36,0.62,0.42,0.5866666666666667,0.5466666666666666,0.4533333333333333,0.5533333333333333,0.0,0.0,0.0,0.0,0,0,0,0,0,0,0,0,0,0,0,0,0,0,0,0,0,0,0,0,0,0,0,0,0,0,3
37,0.62,0.42,0.5866666666666667,0.5466666666666666,0.4533333333333333,0.5533333333333333,0.0,0.0,0.0,0.0,0,0,0,0,0,0,0,0,0,0,0,0,0,0,0,0,0,0,0,0,0,0,0,0,0,0,3
38,0.62,0.42,0.5866666666666667,0.5466666666666666,0.4533333333333333,0.5533333333333333,0.0,0.0,0.0,0.0,0,0,0,0,0,0,0,0,0,0,0,0,0,0,0,0,0,0,0,0,0,0,0,0,0,0,3
39,0.6266666666666667,0.42,0.5866666666666667,0.5466666666666666,0.44666666666666666,0.5533333333333333,0.0,0.0,0.0,0.0,0,0,0,0,0,0,0,0,0,0,0,0,0,0,0,0,0,0,0,0,0,0,0,0,0,0,3
40,0.6266666666666667,0.42,0.5866666666666667,0.5466666666666666,0.44666666666666666,0.5533333333333333,0.0,0.0,0.0,0.0,0,0,0,0,0,0,0,0,0,0,0,0,0,0,0,0,0,0,0,0,0,0,0,0,0,0,3
41,0.6266666666666667,0.42,0.5866666666666667,0.5466666666666666,0.44666666666666666,0.5533333333333333,0.0,0.0,0.0,0.0,0,0,0,0,0,0,0,0,0,0,0,0,0,0,0,0,0,0,0,0,0,0,0,0,0,0,3
42,0.64,0.42,0.58,0.56,0.4533333333333333,0.56,0.0,0.0,0.0,0.0,0,0,0,0,0,0,0,0,0,0,0,0,0,0,0,0,0,0,0,0,0,0,0,0,0,0,3
43,0.64,0.42,0.58,0.56,0.4533333333333333,0.56,0.0,0.0,0.0,0.0,0,0,0,0,0,0,0,0,0,0,0,0,0,0,0,0,0,0,0,0,0,0,0,0,0,0,3
44,0.64,0.42,0.58,0.56,0.4533333333333333,0.56,0.0,0.0,0.0,0.0,0,0,0,0,0,0,0,0,0,0,0,0,0,0,0,0,0,0,0,0,0,0,0,0,0,0,3
45,0.64,0.42,0.0,0.0,0.0,0.0,0.0,0.0,0.0,0.0,0,0,0,0,0,0,0,0,0,0,0,0,0,0,0,0,0,0,0,0,0,0,0,0,0,0,3
46,0.64,0.42,0.58,0.5466666666666666,0.46,0.5533333333333333,0.0,0.0,0.0,0.0,0,0,0,0,0,0,0,0,0,0,0,0,0,0,0,0,0,0,0,0,0,0,0,0,0,0,3
47,0.64,0.42,0.58,0.5466666666666666,0.46,0.5533333333333333,0.0,0.0,0.0,0.0,0,0,0,0,0,0,0,0,0,0,0,0,0,0,0,0,0,0,0,0,0,0,0,0,0,0,3
48,0.64,0.42,0.58,0.5466666666666666,0.46,0.5533333333333333,0.0,0.0,0.0,0.0,0,0,0,0,0,0,0,0,0,0,0,0,0,0,0,0,0,0,0,0,0,0,0,0,0,0,3
49,0.6133333333333333,0.42,0.0,0.0,0.0,0.0,0.0,0.0,0.0,0.0,0,0,0,0,0,0,0,0,0,0,0,0,0,0,0,0,0,0,0,0,0,0,0,0,0,0,3
50,0.5866666666666667,0.41333333333333333,0.5933333333333334,0.54,0.0,0.0,0.0,0.0,0.0,0.0,0,0,0,0,0,0,0,0,0,0,0,0,0,0,0,0,0,0,0,0,0,0,0,0,0,0,3
51,0.5866666666666667,0.41333333333333333,0.5933333333333334,0.54,0.0,0.0,0.0,0.0,0.0,0.0,0,0,0,0,0,0,0,0,0,0,0,0,0,0,0,0,0,0,0,0,0,0,0,0,0,0,3
52,0.5866666666666667,0.41333333333333333,0.6,0.5466666666666666,0.47333333333333333,0.5533333333333333,0.0,0.0,0.0,0.0,0,0,0,0,0,0,0,0,0,0,0,0,0,0,0,0,0,0,0,0,0,0,0,0,0,0,3
53,0.5866666666666667,0.41333333333333333,0.6,0.5466666666666666,0.47333333333333333,0.5533333333333333,0.0,0.0,0.0,0.0,0,0,0,0,0,0,0,0,0,0,0,0,0,0,0,0,0,0,0,0,0,0,0,0,0,0,3
54,0.5866666666666667,0.41333333333333333,0.6,0.5466666666666666,0.47333333333333333,0.5533333333333333,0.0,0.0,0.0,0.0,0,0,0,0,0,0,0,0,0,0,0,0,0,0,0,0,0,0,0,0,0,0,0,0,0,0,3
55,0.5666666666666667,0.4066666666666667,0.6066666666666667,0.56,0.0,0.0,0.0,0.0,0.0,0.0,0,0,0,0,0,0,0,0,0,0,0,0,0,0,0,0,0,0,0,0,0,0,0,0,0,0,3
56,0.5666666666666667,0.4066666666666667,0.6066666666666667,0.56,0.0,0.0,0.0,0.0,0.0,0.0,0,0,0,0,0,0,0,0,0,0,0,0,0,0,0,0,0,0,0,0,0,0,0,0,0,0,3
57,0.5666666666666667,0.41333333333333333,0.5933333333333334,0.5533333333333333,0.0,0.0,0.0,0.0,0.0,0.0,0,0,0,0,0,0,0,0,0,0,0,0,0,0,0,0,0,0,0,0,0,0,0,0,0,0,3
58,0.5666666666666667,0.41333333333333333,0.5933333333333334,0.5533333333333333,0.0,0.0,0.0,0.0,0.0,0.0,0,0,0,0,0,0,0,0,0,0,0,0,0,0,0,0,0,0,0,0,0,0,0,0,0,0,3
59,0.5733333333333334,0.4066666666666667,0.58,0.5466666666666666,0.0,0.0,0.0,0.0,0.0,0.0,0,0,0,0,0,0,0,0,0,0,0,0,0,0,0,0,0,0,0,0,0,0,0,0,0,0,3
60,0.5733333333333334,0.4066666666666667,0.58,0.5466666666666666,0.0,0.0,0.0,0.0,0.0,0.0,0,0,0,0,0,0,0,0,0,0,0,0,0,0,0,0,0,0,0,0,0,0,0,0,0,0,3
61,0.58,0.41333333333333333,0.6,0.5533333333333333,0.0,0.0,0.0,0.0,0.0,0.0,0,0,0,0,0,0,0,0,0,0,0,0,0,0,0,0,0,0,0,0,0,0,0,0,0,0,3
62,0.58,0.41333333333333333,0.6,0.5533333333333333,0.0,0.0,0.0,0.0,0.0,0.0,0,0,0,0,0,0,0,0,0,0,0,0,0,0,0,0,0,0,0,0,0,0,0,0,0,0,3
63,0.58,0.4066666666666667,0.6066666666666667,0.56,0.4666666666666667,0.56,0.0,0.0,0.0,0.0,0,0,0,0,0,0,0,0,0,0,0,0,0,0,0,0,0,0,0,0,0,0,0,0,0,0,3
64,0.58,0.4066666666666667,0.6066666666666667,0.56,0.4666666666666667,0.56,0.0,0.0,0.0,0.0,0,0,0,0,0,0,0,0,0,0,0,0,0,0,0,0,0,0,0,0,0,0,0,0,0,0,3
65,0.58,0.4066666666666667,0.6066666666666667,0.56,0.4666666666666667,0.56,0.0,0.0,0.0,0.0,0,0,0,0,0,0,0,0,0,0,0,0,0,0,0,0,0,0,0,0,0,0,0,0,0,0,3
66,0.58,0.41333333333333333,0.6,0.5466666666666666,0.4533333333333333,0.56,0.0,0.0,0.0,0.0,0,0,0,0,0,0,0,0,0,0,0,0,0,0,0,0,0,0,0,0,0,0,0,0,0,0,3
67,0.58,0.41333333333333333,0.6,0.5466666666666666,0.4533333333333333,0.56,0.0,0.0,0.0,0.0,0,0,0,0,0,0,0,0,0,0,0,0,0,0,0,0,0,0,0,0,0,0,0,0,0,0,3
68,0.58,0.41333333333333333,0.6,0.5466666666666666,0.4533333333333333,0.56,0.0,0.0,0.0,0.0,0,0,0,0,0,0,0,0,0,0,0,0,0,0,0,0,0,0,0,0,0,0,0,0,0,0,3
69,0.58,0.41333333333333333,0.6066666666666667,0.5466666666666666,0.44666666666666666,0.5666666666666667,0.0,0.0,0.0,0.0,0,0,0,0,0,0,0,0,0,0,0,0,0,0,0,0,0,0,0,0,0,0,0,0,0,0,3
70,0.58,0.41333333333333333,0.6066666666666667,0.5466666666666666,0.44666666666666666,0.5666666666666667,0.0,0.0,0.0,0.0,0,0,0,0,0,0,0,0,0,0,0,0,0,0,0,0,0,0,0,0,0,0,0,0,0,0,3
71,0.58,0.41333333333333333,0.6066666666666667,0.5466666666666666,0.44666666666666666,0.5666666666666667,0.0,0.0,0.0,0.0,0,0,0,0,0,0,0,0,0,0,0,0,0,0,0,0,0,0,0,0,0,0,0,0,0,0,3
72,0.58,0.41333333333333333,0.6,0.5466666666666666,0.4533333333333333,0.56,0.0,0.0,0.0,0.0,0,0,0,0,0,0,0,0,0,0,0,0,0,0,0,0,0,0,0,0,0,0,0,0,0,0,3
73,0.58,0.41333333333333333,0.6,0.5466666666666666,0.4533333333333333,0.56,0.0,0.0,0.0,0.0,0,0,0,0,0,0,0,0,0,0,0,0,0,0,0,0,0,0,0,0,0,0,0,0,0,0,3
74,0.58,0.41333333333333333,0.6,0.5466666666666666,0.4533333333333333,0.56,0.0,0.0,0.0,0.0,0,0,0,0,0,0,0,0,0,0,0,0,0,0,0,0,0,0,0,0,0,0,0,0,0,0,3
75,0.58,0.41333333333333333,0.6,0.5533333333333333,0.44666666666666666,0.5666666666666667,0.0,0.0,0.0,0.0,0,0,0,0,0,0,0,0,0,0,0,0,0,0,0,0,0,0,0,0,0,0,0,0,0,0,3
76,0.58,0.41333333333333333,0.6,0.5533333333333333,0.44666666666666666,0.5666666666666667,0.0,0.0,0.0,0.0,0,0,0,0,0,0,0,0,0,0,0,0,0,0,0,0,0,0,0,0,0,0,0,0,0,0,3
77,0.58,0.41333333333333333,0.6,0.5533333333333333,0.44666666666666666,0.5666666666666667,0.0,0.0,0.0,0.0,0,0,0,0,0,0,0,0,0,0,0,0,0,0,0,0,0,0,0,0,0,0,0,0,0,0,3
78,0.5866666666666667,0.41333333333333333,0.0,0.0,0.0,0.0,0.0,0.0,0.0,0.0,0,0,0,0,0,0,0,0,0,0,0,0,0,0,0,0,0,0,0,0,0,0,0,0,0,0,3
79,0.5866666666666667,0.41333333333333333,0.5933333333333334,0.5533333333333333,0.4533333333333333,0.5666666666666667,0.0,0.0,0.0,0.0,0,0,0,0,0,0,0,0,0,0,0,0,0,0,0,0,0,0,0,0,0,0,0,0,0,0,3
80,0.5866666666666667,0.41333333333333333,0.5933333333333334,0.5533333333333333,0.4533333333333333,0.5666666666666667,0.0,0.0,0.0,0.0,0,0,0,0,0,0,0,0,0,0,0,0,0,0,0,0,0,0,0,0,0,0,0,0,0,0,3
81,0.5866666666666667,0.41333333333333333,0.5933333333333334,0.5533333333333333,0.4533333333333333,0.5666666666666667,0.0,0.0,0.0,0.0,0,0,0,0,0,0,0,0,0,0,0,0,0,0,0,0,0,0,0,0,0,0,0,0,0,0,3
82,0.5866666666666667,0.41333333333333333,0.0,0.0,0.0,0.0,0.0,0.0,0.0,0.0,0,0,0,0,0,0,0,0,0,0,0,0,0,0,0,0,0,0,0,0,0,0,0,0,0,0,3
83,0.5866666666666667,0.4066666666666667,0.0,0.0,0.0,0.0,0.0,0.0,0.0,0.0,0,0,0,0,0,0,0,0,0,0,0,0,0,0,0,0,0,0,0,0,0,0,0,0,0,0,3
84,0.6133333333333333,0.42,0.5733333333333334,0.5466666666666666,0.4533333333333333,0.56,0.0,0.0,0.0,0.0,0,0,0,0,0,0,0,0,0,0,0,0,0,0,0,0,0,0,0,0,0,0,0,0,0,0,3
85,0.6133333333333333,0.42,0.5733333333333334,0.5466666666666666,0.4533333333333333,0.56,0.0,0.0,0.0,0.0,0,0,0,0,0,0,0,0,0,0,0,0,0,0,0,0,0,0,0,0,0,0,0,0,0,0,3
86,0.6133333333333333,0.42,0.5733333333333334,0.5466666666666666,0.4533333333333333,0.56,0.0,0.0,0.0,0.0,0,0,0,0,0,0,0,0,0,0,0,0,0,0,0,0,0,0,0,0,0,0,0,0,0,0,3
87,0.6666666666666666,0.42,0.6066666666666667,0.5466666666666666,0.0,0.0,0.0,0.0,0.0,0.0,0,0,0,0,0,0,0,0,0,0,0,0,0,0,0,0,0,0,0,0,0,0,0,0,0,0,3
88,0.6666666666666666,0.42,0.6066666666666667,0.5466666666666666,0.0,0.0,0.0,0.0,0.0,0.0,0,0,0,0,0,0,0,0,0,0,0,0,0,0,0,0,0,0,0,0,0,0,0,0,0,0,3
89,0.6666666666666666,0.4266666666666667,0.6066666666666667,0.5333333333333333,0.47333333333333333,0.56,0.0,0.0,0.0,0.0,0,0,0,0,0,0,0,0,0,0,0,0,0,0,0,0,0,0,0,0,0,0,0,0,0,0,3
90,0.6666666666666666,0.4266666666666667,0.6066666666666667,0.5333333333333333,0.47333333333333333,0.56,0.0,0.0,0.0,0.0,0,0,0,0,0,0,0,0,0,0,0,0,0,0,0,0,0,0,0,0,0,0,0,0,0,0,3
91,0.6666666666666666,0.4266666666666667,0.6066666666666667,0.5333333333333333,0.47333333333333333,0.56,0.0,0.0,0.0,0.0,0,0,0,0,0,0,0,0,0,0,0,0,0,0,0,0,0,0,0,0,0,0,0,0,0,0,3
92,0.6533333333333333,0.42,0.6,0.5466666666666666,0.4866666666666667,0.5466666666666666,0.0,0.0,0.0,0.0,0,0,0,0,0,0,0,0,0,0,0,0,0,0,0,0,0,0,0,0,0,0,0,0,0,0,3
93,0.6533333333333333,0.42,0.6,0.5466666666666666,0.4866666666666667,0.5466666666666666,0.0,0.0,0.0,0.0,0,0,0,0,0,0,0,0,0,0,0,0,0,0,0,0,0,0,0,0,0,0,0,0,0,0,3
94,0.6533333333333333,0.42,0.6,0.5466666666666666,0.4866666666666667,0.5466666666666666,0.0,0.0,0.0,0.0,0,0,0,0,0,0,0,0,0,0,0,0,0,0,0,0,0,0,0,0,0,0,0,0,0,0,3
95,0.5933333333333334,0.41333333333333333,0.5733333333333334,0.5333333333333333,0.0,0.0,0.0,0.0,0.0,0.0,0,0,0,0,0,0,0,0,0,0,0,0,0,0,0,0,0,0,0,0,0,0,0,0,0,0,3
96,0.5933333333333334,0.41333333333333333,0.5733333333333334,0.5333333333333333,0.0,0.0,0.0,0.0,0.0,0.0,0,0,0,0,0,0,0,0,0,0,0,0,0,0,0,0,0,0,0,0,0,0,0,0,0,0,3
97,0.52,0.4,0.0,0.0,0.0,0.0,0.0,0.0,0.0,0.0,0,0,0,0,0,0,0,0,0,0,0,0,0,0,0,0,0,0,0,0,0,0,0,0,0,0,3
98,0.4266666666666667,0.38,0.0,0.0,0.0,0.0,0.0,0.0,0.0,0.0,0,0,0,0,0,0,0,0,0,0,0,0,0,0,0,0,0,0,0,0,0,0,0,0,0,0,3
99,0.38666666666666666,0.3933333333333333,0.0,0.0,0.0,0.0,0.0,0.0,0.0,0.0,0,0,0,0,0,0,0,0,0,0,0,0,0,0,0,0,0,0,0,0,0,0,0,0,0,0,3
100,0.37333333333333335,0.4,0.0,0.0,0.0,0.0,0.0,0.0,0.0,0.0,0,0,0,0,0,0,0,0,0,0,0,0,0,0,0,0,0,0,0,0,0,0,0,0,0,0,3
101,0.38,0.4,0.0,0.0,0.0,0.0,0.0,0.0,0.0,0.0,0,0,0,0,0,0,0,0,0,0,0,0,0,0,0,0,0,0,0,0,0,0,0,0,0,0,3
102,0.42,0.4,0.0,0.0,0.0,0.0,0.0,0.0,0.0,0.0,0,0,0,0,0,0,0,0,0,0,0,0,0,0,0,0,0,0,0,0,0,0,0,0,0,0,3
103,0.48,0.4,0.0,0.0,0.0,0.0,0.0,0.0,0.0,0.0,0,0,0,0,0,0,0,0,0,0,0,0,0,0,0,0,0,0,0,0,0,0,0,0,0,0,3
104,0.52,0.41333333333333333,0.0,0.0,0.0,0.0,0.0,0.0,0.0,0.0,0,0,0,0,0,0,0,0,0,0,0,0,0,0,0,0,0,0,0,0,0,0,0,0,0,0,3
105,0.5333333333333333,0.4266666666666667,0.0,0.0,0.0,0.0,0.0,0.0,0.0,0.0,0,0,0,0,0,0,0,0,0,0,0,0,0,0,0,0,0,0,0,0,0,0,0,0,0,0,3
106,0.5466666666666666,0.44,0.0,0.0,0.0,0.0,0.0,0.0,0.0,0.0,0,0,0,0,0,0,0,0,0,0,0,0,0,0,0,0,0,0,0,0,0,0,0,0,0,0,3
107,0.5533333333333333,0.4533333333333333,0.0,0.0,0.0,0.0,0.0,0.0,0.0,0.0,0,0,0,0,0,0,0,0,0,0,0,0,0,0,0,0,0,0,0,0,0,0,0,0,0,0,3
108,0.5533333333333333,0.46,0.0,0.0,0.0,0.0,0.0,0.0,0.0,0.0,0,0,0,0,0,0,0,0,0,0,0,0,0,0,0,0,0,0,0,0,0,0,0,0,0,0,3
109,0.5533333333333333,0.44666666666666666,0.0,0.0,0.0,0.0,0.0,0.0,0.0,0.0,0,0,0,0,0,0,0,0,0,0,0,0,0,0,0,0,0,0,0,0,0,0,0,0,0,0,3
110,0.5533333333333333,0.42,0.0,0.0,0.0,0.0,0.0,0.0,0.0,0.0,0,0,0,0,0,0,0,0,0,0,0,0,0,0,0,0,0,0,0,0,0,0,0,0,0,0,3
111,0.5666666666666667,0.41333333333333333,0.5333333333333333,0.5533333333333333,0.43333333333333335,0.5466666666666666,0.0,0.0,0.0,0.0,0,0,0,0,0,0,0,0,0,0,0,0,0,0,0,0,0,0,0,0,0,0,0,0,0,0,3
112,0.5666666666666667,0.41333333333333333,0.5333333333333333,0.5533333333333333,0.43333333333333335,0.5466666666666666,0.0,0.0,0.0,0.0,0,0,0,0,0,0,0,0,0,0,0,0,0,0,0,0,0,0,0,0,0,0,0,0,0,0,3
113,0.5666666666666667,0.41333333333333333,0.5333333333333333,0.5533333333333333,0.43333333333333335,0.5466666666666666,0.0,0.0,0.0,0.0,0,0,0,0,0,0,0,0,0,0,0,0,0,0,0,0,0,0,0,0,0,0,0,0,0,0,3
114,0.5733333333333334,0.4266666666666667,0.0,0.0,0.0,0.0,0.0,0.0,0.0,0.0,0,0,0,0,0,0,0,0,0,0,0,0,0,0,0,0,0,0,0,0,0,0,0,0,0,0,3
115,0.5733333333333334,0.43333333333333335,0.0,0.0,0.0,0.0,0.0,0.0,0.0,0.0,0,0,0,0,0,0,0,0,0,0,0,0,0,0,0,0,0,0,0,0,0,0,0,0,0,0,3
116,0.5933333333333334,0.44666666666666666,0.49333333333333335,0.64,0.38,0.6266666666666667,0.24,0.8066666666666666,0.28,0.7533333333333333,0,0,0,0,0,0,0,0,0,0,0,0,0,0,0,0,0,0,0,0,0,0,0,0,0,0,3
117,0.5933333333333334,0.44666666666666666,0.49333333333333335,0.64,0.38,0.6266666666666667,0.24,0.8066666666666666,0.28,0.7533333333333333,0,0,0,0,0,0,0,0,0,0,0,0,0,0,0,0,0,0,0,0,0,0,0,0,0,0,3
118,0.5933333333333334,0.44666666666666666,0.49333333333333335,0.64,0.38,0.6266666666666667,0.24,0.8066666666666666,0.28,0.7533333333333333,0,0,0,0,0,0,0,0,0,0,0,0,0,0,0,0,0,0,0,0,0,0,0,0,0,0,3
119,0.5933333333333334,0.44666666666666666,0.49333333333333335,0.64,0.38,0.6266666666666667,0.24,0.8066666666666666,0.28,0.7533333333333333,0,0,0,0,0,0,0,0,0,0,0,0,0,0,0,0,0,0,0,0,0,0,0,0,0,0,3
120,0.5933333333333334,0.44666666666666666,0.49333333333333335,0.64,0.38,0.6266666666666667,0.24,0.8066666666666666,0.28,0.7533333333333333,0,0,0,0,0,0,0,0,0,0,0,0,0,0,0,0,0,0,0,0,0,0,0,0,0,0,3
121,0.6066666666666667,0.4666666666666667,0.54,0.6533333333333333,0.0,0.0,0.0,0.0,0.0,0.0,0,0,0,0,0,0,0,0,0,0,0,0,0,0,0,0,0,0,0,0,0,0,0,0,0,0,3
122,0.6066666666666667,0.4666666666666667,0.54,0.6533333333333333,0.0,0.0,0.0,0.0,0.0,0.0,0,0,0,0,0,0,0,0,0,0,0,0,0,0,0,0,0,0,0,0,0,0,0,0,0,0,3
123,0.6066666666666667,0.47333333333333333,0.54,0.8466666666666667,0.23333333333333334,0.8133333333333334,0.0,0.0,0.0,0.0,0,0,0,0,0,0,0,0,0,0,0,0,0,0,0,0,0,0,0,0,0,0,0,0,0,0,3
124,0.6066666666666667,0.47333333333333333,0.54,0.8466666666666667,0.23333333333333334,0.8133333333333334,0.0,0.0,0.0,0.0,0,0,0,0,0,0,0,0,0,0,0,0,0,0,0,0,0,0,0,0,0,0,0,0,0,0,3
125,0.6066666666666667,0.47333333333333333,0.54,0.8466666666666667,0.23333333333333334,0.8133333333333334,0.0,0.0,0.0,0.0,0,0,0,0,0,0,0,0,0,0,0,0,0,0,0,0,0,0,0,0,0,0,0,0,0,0,3
126,0.6,0.4533333333333333,0.5333333333333333,0.8733333333333333,0.0,0.0,0.0,0.0,0.0,0.0,0,0,0,0,0,0,0,0,0,0,0,0,0,0,0,0,0,0,0,0,0,0,0,0,0,0,3
127,0.6,0.4533333333333333,0.5333333333333333,0.8733333333333333,0.0,0.0,0.0,0.0,0.0,0.0,0,0,0,0,0,0,0,0,0,0,0,0,0,0,0,0,0,0,0,0,0,0,0,0,0,0,3
128,0.62,0.5066666666666667,0.5266666666666666,0.86,0.0,0.0,0.0,0.0,0.0,0.0,0,0,0,0,0,0,0,0,0,0,0,0,0,0,0,0,0,0,0,0,0,0,0,0,0,0,3
129,0.62,0.5066666666666667,0.5266666666666666,0.86,0.0,0.0,0.0,0.0,0.0,0.0,0,0,0,0,0,0,0,0,0,0,0,0,0,0,0,0,0,0,0,0,0,0,0,0,0,0,3
130,0.64,0.52,0.54,0.8533333333333334,0.0,0.0,0.0,0.0,0.0,0.0,0,0,0,0,0,0,0,0,0,0,0,0,0,0,0,0,0,0,0,0,0,0,0,0,0,0,3
131,0.64,0.52,0.54,0.8533333333333334,0.0,0.0,0.0,0.0,0.0,0.0,0,0,0,0,0,0,0,0,0,0,0,0,0,0,0,0,0,0,0,0,0,0,0,0,0,0,3
132,0.64,0.5266666666666666,0.0,0.0,0.0,0.0,0.0,0.0,0.0,0.0,0,0,0,0,0,0,0,0,0,0,0,0,0,0,0,0,0,0,0,0,0,0,0,0,0,0,3
133,0.64,0.5266666666666666,0.5533333333333333,0.86,0.0,0.0,0.0,0.0,0.0,0.0,0,0,0,0,0,0,0,0,0,0,0,0,0,0,0,0,0,0,0,0,0,0,0,0,0,0,3
134,0.64,0.5266666666666666,0.5533333333333333,0.86,0.0,0.0,0.0,0.0,0.0,0.0,0,0,0,0,0,0,0,0,0,0,0,0,0,0,0,0,0,0,0,0,0,0,0,0,0,0,3
135,0.66,0.52,0.5533333333333333,0.86,0.0,0.0,0.0,0.0,0.0,0.0,0,0,0,0,0,0,0,0,0,0,0,0,0,0,0,0,0,0,0,0,0,0,0,0,0,0,3
136,0.66,0.52,0.5533333333333333,0.86,0.0,0.0,0.0,0.0,0.0,0.0,0,0,0,0,0,0,0,0,0,0,0,0,0,0,0,0,0,0,0,0,0,0,0,0,0,0,3
137,0.6866666666666666,0.52,0.5733333333333334,0.8533333333333334,0.0,0.0,0.0,0.0,0.0,0.0,0,0,0,0,0,0,0,0,0,0,0,0,0,0,0,0,0,0,0,0,0,0,0,0,0,0,3
138,0.6866666666666666,0.52,0.5733333333333334,0.8533333333333334,0.0,0.0,0.0,0.0,0.0,0.0,0,0,0,0,0,0,0,0,0,0,0,0,0,0,0,0,0,0,0,0,0,0,0,0,0,0,3
139,0.7066666666666667,0.52,0.0,0.0,0.0,0.0,0.0,0.0,0.0,0.0,0,0,0,0,0,0,0,0,0,0,0,0,0,0,0,0,0,0,0,0,0,0,0,0,0,0,3
140,0.7266666666666667,0.5133333333333333,0.5933333333333334,0.86,0.0,0.0,0.0,0.0,0.0,0.0,0,0,0,0,0,0,0,0,0,0,0,0,0,0,0,0,0,0,0,0,0,0,0,0,0,0,3
141,0.7266666666666667,0.5133333333333333,0.5933333333333334,0.86,0.0,0.0,0.0,0.0,0.0,0.0,0,0,0,0,0,0,0,0,0,0,0,0,0,0,0,0,0,0,0,0,0,0,0,0,0,0,3
142,0.66,0.5,0.56,0.8266666666666667,0.0,0.0,0.0,0.0,0.0,0.0,0,0,0,0,0,0,0,0,0,0,0,0,0,0,0,0,0,0,0,0,0,0,0,0,0,0,3
143,0.66,0.5,0.56,0.8266666666666667,0.0,0.0,0.0,0.0,0.0,0.0,0,0,0,0,0,0,0,0,0,0,0,0,0,0,0,0,0,0,0,0,0,0,0,0,0,0,3
144,0.58,0.48,0.5,0.86,0.0,0.0,0.0,0.0,0.0,0.0,0,0,0,0,0,0,0,0,0,0,0,0,0,0,0,0,0,0,0,0,0,0,0,0,0,0,3
145,0.58,0.48,0.5,0.86,0.0,0.0,0.0,0.0,0.0,0.0,0,0,0,0,0,0,0,0,0,0,0,0,0,0,0,0,0,0,0,0,0,0,0,0,0,0,3
146,0.5066666666666667,0.47333333333333333,0.4666666666666667,0.88,0.19333333333333333,0.8533333333333334,0.0,0.0,0.0,0.0,0,0,0,0,0,0,0,0,0,0,0,0,0,0,0,0,0,0,0,0,0,0,0,0,0,0,3
147,0.5066666666666667,0.47333333333333333,0.4666666666666667,0.88,0.19333333333333333,0.8533333333333334,0.0,0.0,0.0,0.0,0,0,0,0,0,0,0,0,0,0,0,0,0,0,0,0,0,0,0,0,0,0,0,0,0,0,3
148,0.5066666666666667,0.47333333333333333,0.4666666666666667,0.88,0.19333333333333333,0.8533333333333334,0.0,0.0,0.0,0.0,0,0,0,0,0,0,0,0,0,0,0,0,0,0,0,0,0,0,0,0,0,0,0,0,0,0,3
149,0.47333333333333333,0.47333333333333333,0.44666666666666666,0.8733333333333333,0.18,0.8666666666666667,0.0,0.0,0.0,0.0,0,0,0,0,0,0,0,0,0,0,0,0,0,0,0,0,0,0,0,0,0,0,0,0,0,0,3
150,0.47333333333333333,0.47333333333333333,0.44666666666666666,0.8733333333333333,0.18,0.8666666666666667,0.0,0.0,0.0,0.0,0,0,0,0,0,0,0,0,0,0,0,0,0,0,0,0,0,0,0,0,0,0,0,0,0,0,3
151,0.47333333333333333,0.47333333333333333,0.44666666666666666,0.8733333333333333,0.18,0.8666666666666667,0.0,0.0,0.0,0.0,0,0,0,0,0,0,0,0,0,0,0,0,0,0,0,0,0,0,0,0,0,0,0,0,0,0,3
152,0.47333333333333333,0.47333333333333333,0.4533333333333333,0.8733333333333333,0.17333333333333334,0.8666666666666667,0.0,0.0,0.0,0.0,0,0,0,0,0,0,0,0,0,0,0,0,0,0,0,0,0,0,0,0,0,0,0,0,0,0,3
153,0.47333333333333333,0.47333333333333333,0.4533333333333333,0.8733333333333333,0.17333333333333334,0.8666666666666667,0.0,0.0,0.0,0.0,0,0,0,0,0,0,0,0,0,0,0,0,0,0,0,0,0,0,0,0,0,0,0,0,0,0,3
154,0.47333333333333333,0.47333333333333333,0.4533333333333333,0.8733333333333333,0.17333333333333334,0.8666666666666667,0.0,0.0,0.0,0.0,0,0,0,0,0,0,0,0,0,0,0,0,0,0,0,0,0,0,0,0,0,0,0,0,0,0,3
155,0.47333333333333333,0.47333333333333333,0.44,0.8666666666666667,0.18,0.86,0.0,0.0,0.0,0.0,0,0,0,0,0,0,0,0,0,0,0,0,0,0,0,0,0,0,0,0,0,0,0,0,0,0,3
156,0.47333333333333333,0.47333333333333333,0.44,0.8666666666666667,0.18,0.86,0.0,0.0,0.0,0.0,0,0,0,0,0,0,0,0,0,0,0,0,0,0,0,0,0,0,0,0,0,0,0,0,0,0,3
157,0.47333333333333333,0.47333333333333333,0.44,0.8666666666666667,0.18,0.86,0.0,0.0,0.0,0.0,0,0,0,0,0,0,0,0,0,0,0,0,0,0,0,0,0,0,0,0,0,0,0,0,0,0,3
158,0.4866666666666667,0.4533333333333333,0.44666666666666666,0.8666666666666667,0.18,0.86,0.0,0.0,0.0,0.0,0,0,0,0,0,0,0,0,0,0,0,0,0,0,0,0,0,0,0,0,0,0,0,0,0,0,3
159,0.4866666666666667,0.4533333333333333,0.44666666666666666,0.8666666666666667,0.18,0.86,0.0,0.0,0.0,0.0,0,0,0,0,0,0,0,0,0,0,0,0,0,0,0,0,0,0,0,0,0,0,0,0,0,0,3
160,0.4866666666666667,0.4533333333333333,0.44666666666666666,0.8666666666666667,0.18,0.86,0.0,0.0,0.0,0.0,0,0,0,0,0,0,0,0,0,0,0,0,0,0,0,0,0,0,0,0,0,0,0,0,0,0,3
161,0.49333333333333335,0.43333333333333335,0.44,0.86,0.18,0.86,0.0,0.0,0.0,0.0,0,0,0,0,0,0,0,0,0,0,0,0,0,0,0,0,0,0,0,0,0,0,0,0,0,0,3
162,0.49333333333333335,0.43333333333333335,0.44,0.86,0.18,0.86,0.0,0.0,0.0,0.0,0,0,0,0,0,0,0,0,0,0,0,0,0,0,0,0,0,0,0,0,0,0,0,0,0,0,3
163,0.49333333333333335,0.43333333333333335,0.44,0.86,0.18,0.86,0.0,0.0,0.0,0.0,0,0,0,0,0,0,0,0,0,0,0,0,0,0,0,0,0,0,0,0,0,0,0,0,0,0,3
164,0.49333333333333335,0.43333333333333335,0.44666666666666666,0.8666666666666667,0.18,0.86,0.0,0.0,0.0,0.0,0,0,0,0,0,0,0,0,0,0,0,0,0,0,0,0,0,0,0,0,0,0,0,0,0,0,3
165,0.49333333333333335,0.43333333333333335,0.44666666666666666,0.8666666666666667,0.18,0.86,0.0,0.0,0.0,0.0,0,0,0,0,0,0,0,0,0,0,0,0,0,0,0,0,0,0,0,0,0,0,0,0,0,0,3
166,0.49333333333333335,0.43333333333333335,0.44666666666666666,0.8666666666666667,0.18,0.86,0.0,0.0,0.0,0.0,0,0,0,0,0,0,0,0,0,0,0,0,0,0,0,0,0,0,0,0,0,0,0,0,0,0,3
167,0.49333333333333335,0.44666666666666666,0.44666666666666666,0.86,0.18,0.86,0.0,0.0,0.0,0.0,0,0,0,0,0,0,0,0,0,0,0,0,0,0,0,0,0,0,0,0,0,0,0,0,0,0,3
168,0.49333333333333335,0.44666666666666666,0.44666666666666666,0.86,0.18,0.86,0.0,0.0,0.0,0.0,0,0,0,0,0,0,0,0,0,0,0,0,0,0,0,0,0,0,0,0,0,0,0,0,0,0,3
169,0.49333333333333335,0.44666666666666666,0.44666666666666666,0.86,0.18,0.86,0.0,0.0,0.0,0.0,0,0,0,0,0,0,0,0,0,0,0,0,0,0,0,0,0,0,0,0,0,0,0,0,0,0,3
170,0.44666666666666666,0.46,0.46,0.86,0.18666666666666668,0.86,0.0,0.0,0.0,0.0,0,0,0,0,0,0,0,0,0,0,0,0,0,0,0,0,0,0,0,0,0,0,0,0,0,0,3
171,0.44666666666666666,0.46,0.46,0.86,0.18666666666666668,0.86,0.0,0.0,0.0,0.0,0,0,0,0,0,0,0,0,0,0,0,0,0,0,0,0,0,0,0,0,0,0,0,0,0,0,3
172,0.44666666666666666,0.46,0.46,0.86,0.18666666666666668,0.86,0.0,0.0,0.0,0.0,0,0,0,0,0,0,0,0,0,0,0,0,0,0,0,0,0,0,0,0,0,0,0,0,0,0,3
173,0.42,0.4533333333333333,0.4866666666666667,0.86,0.2,0.8533333333333334,0.0,0.0,0.0,0.0,0,0,0,0,0,0,0,0,0,0,0,0,0,0,0,0,0,0,0,0,0,0,0,0,0,0,3
174,0.42,0.4533333333333333,0.4866666666666667,0.86,0.2,0.8533333333333334,0.0,0.0,0.0,0.0,0,0,0,0,0,0,0,0,0,0,0,0,0,0,0,0,0,0,0,0,0,0,0,0,0,0,3
175,0.42,0.4533333333333333,0.4866666666666667,0.86,0.2,0.8533333333333334,0.0,0.0,0.0,0.0,0,0,0,0,0,0,0,0,0,0,0,0,0,0,0,0,0,0,0,0,0,0,0,0,0,0,3
176,0.42,0.4533333333333333,0.49333333333333335,0.8533333333333334,0.19333333333333333,0.86,0.0,0.0,0.0,0.0,0,0,0,0,0,0,0,0,0,0,0,0,0,0,0,0,0,0,0,0,0,0,0,0,0,0,3
177,0.42,0.4533333333333333,0.49333333333333335,0.8533333333333334,0.19333333333333333,0.86,0.0,0.0,0.0,0.0,0,0,0,0,0,0,0,0,0,0,0,0,0,0,0,0,0,0,0,0,0,0,0,0,0,0,3
178,0.42,0.4533333333333333,0.49333333333333335,0.8533333333333334,0.19333333333333333,0.86,0.0,0.0,0.0,0.0,0,0,0,0,0,0,0,0,0,0,0,0,0,0,0,0,0,0,0,0,0,0,0,0,0,0,3
179,0.4266666666666667,0.4533333333333333,0.48,0.8533333333333334,0.2,0.86,0.0,0.0,0.0,0.0,0,0,0,0,0,0,0,0,0,0,0,0,0,0,0,0,0,0,0,0,0,0,0,0,0,0,3
180,0.4266666666666667,0.4533333333333333,0.48,0.8533333333333334,0.2,0.86,0.0,0.0,0.0,0.0,0,0,0,0,0,0,0,0,0,0,0,0,0,0,0,0,0,0,0,0,0,0,0,0,0,0,3
181,0.4266666666666667,0.4533333333333333,0.48,0.8533333333333334,0.2,0.86,0.0,0.0,0.0,0.0,0,0,0,0,0,0,0,0,0,0,0,0,0,0,0,0,0,0,0,0,0,0,0,0,0,0,3
182,0.43333333333333335,0.4533333333333333,0.4866666666666667,0.86,0.19333333333333333,0.8666666666666667,0.0,0.0,0.0,0.0,0,0,0,0,0,0,0,0,0,0,0,0,0,0,0,0,0,0,0,0,0,0,0,0,0,0,3
183,0.43333333333333335,0.4533333333333333,0.4866666666666667,0.86,0.19333333333333333,0.8666666666666667,0.0,0.0,0.0,0.0,0,0,0,0,0,0,0,0,0,0,0,0,0,0,0,0,0,0,0,0,0,0,0,0,0,0,3
184,0.43333333333333335,0.4533333333333333,0.4866666666666667,0.86,0.19333333333333333,0.8666666666666667,0.0,0.0,0.0,0.0,0,0,0,0,0,0,0,0,0,0,0,0,0,0,0,0,0,0,0,0,0,0,0,0,0,0,3
185,0.4666666666666667,0.44,0.48,0.8666666666666667,0.2,0.86,0.0,0.0,0.0,0.0,0,0,0,0,0,0,0,0,0,0,0,0,0,0,0,0,0,0,0,0,0,0,0,0,0,0,3
186,0.4666666666666667,0.44,0.48,0.8666666666666667,0.2,0.86,0.0,0.0,0.0,0.0,0,0,0,0,0,0,0,0,0,0,0,0,0,0,0,0,0,0,0,0,0,0,0,0,0,0,3
187,0.4666666666666667,0.44,0.48,0.8666666666666667,0.2,0.86,0.0,0.0,0.0,0.0,0,0,0,0,0,0,0,0,0,0,0,0,0,0,0,0,0,0,0,0,0,0,0,0,0,0,3
188,0.5,0.44666666666666666,0.48,0.8666666666666667,0.2,0.8533333333333334,0.0,0.0,0.0,0.0,0,0,0,0,0,0,0,0,0,0,0,0,0,0,0,0,0,0,0,0,0,0,0,0,0,0,3
189,0.5,0.44666666666666666,0.48,0.8666666666666667,0.2,0.8533333333333334,0.0,0.0,0.0,0.0,0,0,0,0,0,0,0,0,0,0,0,0,0,0,0,0,0,0,0,0,0,0,0,0,0,0,3
190,0.5,0.44666666666666666,0.48,0.8666666666666667,0.2,0.8533333333333334,0.0,0.0,0.0,0.0,0,0,0,0,0,0,0,0,0,0,0,0,0,0,0,0,0,0,0,0,0,0,0,0,0,0,3
191,0.5066666666666667,0.43333333333333335,0.49333333333333335,0.8666666666666667,0.20666666666666667,0.8466666666666667,0.0,0.0,0.0,0.0,0,0,0,0,0,0,0,0,0,0,0,0,0,0,0,0,0,0,0,0,0,0,0,0,0,0,3
192,0.5066666666666667,0.43333333333333335,0.49333333333333335,0.8666666666666667,0.20666666666666667,0.8466666666666667,0.0,0.0,0.0,0.0,0,0,0,0,0,0,0,0,0,0,0,0,0,0,0,0,0,0,0,0,0,0,0,0,0,0,3
193,0.5066666666666667,0.43333333333333335,0.49333333333333335,0.8666666666666667,0.20666666666666667,0.8466666666666667,0.0,0.0,0.0,0.0,0,0,0,0,0,0,0,0,0,0,0,0,0,0,0,0,0,0,0,0,0,0,0,0,0,0,3
194,0.5133333333333333,0.42,0.49333333333333335,0.8466666666666667,0.22666666666666666,0.8466666666666667,0.0,0.0,0.0,0.0,0,0,0,0,0,0,0,0,0,0,0,0,0,0,0,0,0,0,0,0,0,0,0,0,0,0,3
195,0.5133333333333333,0.42,0.49333333333333335,0.8466666666666667,0.22666666666666666,0.8466666666666667,0.0,0.0,0.0,0.0,0,0,0,0,0,0,0,0,0,0,0,0,0,0,0,0,0,0,0,0,0,0,0,0,0,0,3
196,0.5133333333333333,0.42,0.49333333333333335,0.8466666666666667,0.22666666666666666,0.8466666666666667,0.0,0.0,0.0,0.0,0,0,0,0,0,0,0,0,0,0,0,0,0,0,0,0,0,0,0,0,0,0,0,0,0,0,3
197,0.5333333333333333,0.44666666666666666,0.5133333333333333,0.8466666666666667,0.26,0.8466666666666667,0.0,0.0,0.0,0.0,0,0,0,0,0,0,0,0,0,0,0,0,0,0,0,0,0,0,0,0,0,0,0,0,0,0,3
198,0.5333333333333333,0.44666666666666666,0.5133333333333333,0.8466666666666667,0.26,0.8466666666666667,0.0,0.0,0.0,0.0,0,0,0,0,0,0,0,0,0,0,0,0,0,0,0,0,0,0,0,0,0,0,0,0,0,0,3
199,0.5333333333333333,0.44666666666666666,0.5133333333333333,0.8466666666666667,0.26,0.8466666666666667,0.0,0.0,0.0,0.0,0,0,0,0,0,0,0,0,0,0,0,0,0,0,0,0,0,0,0,0,0,0,0,0,0,0,3
200,0.56,0.4666666666666667,0.52,0.8733333333333333,0.2866666666666667,0.8466666666666667,0.0,0.0,0.0,0.0,0,0,0,0,0,0,0,0,0,0,0,0,0,0,0,0,0,0,0,0,0,0,0,0,0,0,3
201,0.56,0.4666666666666667,0.52,0.8733333333333333,0.2866666666666667,0.8466666666666667,0.0,0.0,0.0,0.0,0,0,0,0,0,0,0,0,0,0,0,0,0,0,0,0,0,0,0,0,0,0,0,0,0,0,3
202,0.56,0.4666666666666667,0.52,0.8733333333333333,0.2866666666666667,0.8466666666666667,0.0,0.0,0.0,0.0,0,0,0,0,0,0,0,0,0,0,0,0,0,0,0,0,0,0,0,0,0,0,0,0,0,0,3
203,0.5666666666666667,0.47333333333333333,0.52,0.8666666666666667,0.3,0.84,0.0,0.0,0.0,0.0,0,0,0,0,0,0,0,0,0,0,0,0,0,0,0,0,0,0,0,0,0,0,0,0,0,0,3
204,0.5666666666666667,0.47333333333333333,0.52,0.8666666666666667,0.3,0.84,0.0,0.0,0.0,0.0,0,0,0,0,0,0,0,0,0,0,0,0,0,0,0,0,0,0,0,0,0,0,0,0,0,0,3
205,0.5666666666666667,0.47333333333333333,0.52,0.8666666666666667,0.3,0.84,0.0,0.0,0.0,0.0,0,0,0,0,0,0,0,0,0,0,0,0,0,0,0,0,0,0,0,0,0,0,0,0,0,0,3
206,0.5733333333333334,0.47333333333333333,0.5266666666666666,0.8733333333333333,0.3,0.84,0.0,0.0,0.0,0.0,0,0,0,0,0,0,0,0,0,0,0,0,0,0,0,0,0,0,0,0,0,0,0,0,0,0,3
207,0.5733333333333334,0.47333333333333333,0.5266666666666666,0.8733333333333333,0.3,0.84,0.0,0.0,0.0,0.0,0,0,0,0,0,0,0,0,0,0,0,0,0,0,0,0,0,0,0,0,0,0,0,0,0,0,3
208,0.5733333333333334,0.47333333333333333,0.5266666666666666,0.8733333333333333,0.3,0.84,0.0,0.0,0.0,0.0,0,0,0,0,0,0,0,0,0,0,0,0,0,0,0,0,0,0,0,0,0,0,0,0,0,0,3
209,0.58,0.46,0.5333333333333333,0.8733333333333333,0.3,0.8466666666666667,0.0,0.0,0.0,0.0,0,0,0,0,0,0,0,0,0,0,0,0,0,0,0,0,0,0,0,0,0,0,0,0,0,0,3
210,0.58,0.46,0.5333333333333333,0.8733333333333333,0.3,0.8466666666666667,0.0,0.0,0.0,0.0,0,0,0,0,0,0,0,0,0,0,0,0,0,0,0,0,0,0,0,0,0,0,0,0,0,0,3
211,0.58,0.46,0.5333333333333333,0.8733333333333333,0.3,0.8466666666666667,0.0,0.0,0.0,0.0,0,0,0,0,0,0,0,0,0,0,0,0,0,0,0,0,0,0,0,0,0,0,0,0,0,0,3
212,0.58,0.43333333333333335,0.52,0.8533333333333334,0.28,0.8266666666666667,0.0,0.0,0.0,0.0,0,0,0,0,0,0,0,0,0,0,0,0,0,0,0,0,0,0,0,0,0,0,0,0,0,0,3
213,0.58,0.43333333333333335,0.52,0.8533333333333334,0.28,0.8266666666666667,0.0,0.0,0.0,0.0,0,0,0,0,0,0,0,0,0,0,0,0,0,0,0,0,0,0,0,0,0,0,0,0,0,0,3
214,0.58,0.43333333333333335,0.52,0.8533333333333334,0.28,0.8266666666666667,0.0,0.0,0.0,0.0,0,0,0,0,0,0,0,0,0,0,0,0,0,0,0,0,0,0,0,0,0,0,0,0,0,0,3
215,0.58,0.36,0.5266666666666666,0.8066666666666666,0.23333333333333334,0.7866666666666666,0.0,0.0,0.0,0.0,0,0,0,0,0,0,0,0,0,0,0,0,0,0,0,0,0,0,0,0,0,0,0,0,0,0,3
216,0.58,0.36,0.5266666666666666,0.8066666666666666,0.23333333333333334,0.7866666666666666,0.0,0.0,0.0,0.0,0,0,0,0,0,0,0,0,0,0,0,0,0,0,0,0,0,0,0,0,0,0,0,0,0,0,3
217,0.58,0.36,0.5266666666666666,0.8066666666666666,0.23333333333333334,0.7866666666666666,0.0,0.0,0.0,0.0,0,0,0,0,0,0,0,0,0,0,0,0,0,0,0,0,0,0,0,0,0,0,0,0,0,0,3
218,0.5866666666666667,0.24666666666666667,0.54,0.74,0.25333333333333335,0.6933333333333334,0.0,0.0,0.0,0.0,0,0,0,0,0,0,0,0,0,0,0,0,0,0,0,0,0,0,0,0,0,0,0,0,0,0,3
219,0.5866666666666667,0.24666666666666667,0.54,0.74,0.25333333333333335,0.6933333333333334,0.0,0.0,0.0,0.0,0,0,0,0,0,0,0,0,0,0,0,0,0,0,0,0,0,0,0,0,0,0,0,0,0,0,3
220,0.5866666666666667,0.24666666666666667,0.54,0.74,0.25333333333333335,0.6933333333333334,0.0,0.0,0.0,0.0,0,0,0,0,0,0,0,0,0,0,0,0,0,0,0,0,0,0,0,0,0,0,0,0,0,0,3
221,0.5933333333333334,0.22,0.54,0.7333333333333333,0.24666666666666667,0.6733333333333333,0.0,0.0,0.0,0.0,0,0,0,0,0,0,0,0,0,0,0,0,0,0,0,0,0,0,0,0,0,0,0,0,0,0,3
222,0.5933333333333334,0.22,0.54,0.7333333333333333,0.24666666666666667,0.6733333333333333,0.0,0.0,0.0,0.0,0,0,0,0,0,0,0,0,0,0,0,0,0,0,0,0,0,0,0,0,0,0,0,0,0,0,3
223,0.5933333333333334,0.22,0.54,0.7333333333333333,0.24666666666666667,0.6733333333333333,0.0,0.0,0.0,0.0,0,0,0,0,0,0,0,0,0,0,0,0,0,0,0,0,0,0,0,0,0,0,0,0,0,0,3
224,0.5866666666666667,0.25333333333333335,0.5333333333333333,0.74,0.25333333333333335,0.6866666666666666,0.0,0.0,0.0,0.0,0,0,0,0,0,0,0,0,0,0,0,0,0,0,0,0,0,0,0,0,0,0,0,0,0,0,3
225,0.5866666666666667,0.25333333333333335,0.5333333333333333,0.74,0.25333333333333335,0.6866666666666666,0.0,0.0,0.0,0.0,0,0,0,0,0,0,0,0,0,0,0,0,0,0,0,0,0,0,0,0,0,0,0,0,0,0,3
226,0.5866666666666667,0.25333333333333335,0.5333333333333333,0.74,0.25333333333333335,0.6866666666666666,0.0,0.0,0.0,0.0,0,0,0,0,0,0,0,0,0,0,0,0,0,0,0,0,0,0,0,0,0,0,0,0,0,0,3
227,0.5933333333333334,0.32,0.5333333333333333,0.7733333333333333,0.24666666666666667,0.7333333333333333,0.0,0.0,0.0,0.0,0,0,0,0,0,0,0,0,0,0,0,0,0,0,0,0,0,0,0,0,0,0,0,0,0,0,3
228,0.5933333333333334,0.32,0.5333333333333333,0.7733333333333333,0.24666666666666667,0.7333333333333333,0.0,0.0,0.0,0.0,0,0,0,0,0,0,0,0,0,0,0,0,0,0,0,0,0,0,0,0,0,0,0,0,0,0,3
229,0.5933333333333334,0.32,0.5333333333333333,0.7733333333333333,0.24666666666666667,0.7333333333333333,0.0,0.0,0.0,0.0,0,0,0,0,0,0,0,0,0,0,0,0,0,0,0,0,0,0,0,0,0,0,0,0,0,0,3
230,0.6,0.4266666666666667,0.5333333333333333,0.8266666666666667,0.24666666666666667,0.7866666666666666,0.0,0.0,0.0,0.0,0,0,0,0,0,0,0,0,0,0,0,0,0,0,0,0,0,0,0,0,0,0,0,0,0,0,3
231,0.6,0.4266666666666667,0.5333333333333333,0.8266666666666667,0.24666666666666667,0.7866666666666666,0.0,0.0,0.0,0.0,0,0,0,0,0,0,0,0,0,0,0,0,0,0,0,0,0,0,0,0,0,0,0,0,0,0,3
232,0.6,0.4266666666666667,0.5333333333333333,0.8266666666666667,0.24666666666666667,0.7866666666666666,0.0,0.0,0.0,0.0,0,0,0,0,0,0,0,0,0,0,0,0,0,0,0,0,0,0,0,0,0,0,0,0,0,0,3
233,0.5933333333333334,0.5,0.5266666666666666,0.8466666666666667,0.2733333333333333,0.8266666666666667,0.0,0.0,0.0,0.0,0,0,0,0,0,0,0,0,0,0,0,0,0,0,0,0,0,0,0,0,0,0,0,0,0,0,3
234,0.5933333333333334,0.5,0.5266666666666666,0.8466666666666667,0.2733333333333333,0.8266666666666667,0.0,0.0,0.0,0.0,0,0,0,0,0,0,0,0,0,0,0,0,0,0,0,0,0,0,0,0,0,0,0,0,0,0,3
235,0.5933333333333334,0.5,0.5266666666666666,0.8466666666666667,0.2733333333333333,0.8266666666666667,0.0,0.0,0.0,0.0,0,0,0,0,0,0,0,0,0,0,0,0,0,0,0,0,0,0,0,0,0,0,0,0,0,0,3
236,0.58,0.5066666666666667,0.5266666666666666,0.8533333333333334,0.25333333333333335,0.8333333333333334,0.0,0.0,0.0,0.0,0,0,0,0,0,0,0,0,0,0,0,0,0,0,0,0,0,0,0,0,0,0,0,0,0,0,3
237,0.58,0.5066666666666667,0.5266666666666666,0.8533333333333334,0.25333333333333335,0.8333333333333334,0.0,0.0,0.0,0.0,0,0,0,0,0,0,0,0,0,0,0,0,0,0,0,0,0,0,0,0,0,0,0,0,0,0,3
238,0.58,0.5066666666666667,0.5266666666666666,0.8533333333333334,0.25333333333333335,0.8333333333333334,0.0,0.0,0.0,0.0,0,0,0,0,0,0,0,0,0,0,0,0,0,0,0,0,0,0,0,0,0,0,0,0,0,0,3
239,0.58,0.49333333333333335,0.5133333333333333,0.8733333333333333,0.0,0.0,0.0,0.0,0.0,0.0,0,0,0,0,0,0,0,0,0,0,0,0,0,0,0,0,0,0,0,0,0,0,0,0,0,0,3
240,0.58,0.49333333333333335,0.5133333333333333,0.8733333333333333,0.0,0.0,0.0,0.0,0.0,0.0,0,0,0,0,0,0,0,0,0,0,0,0,0,0,0,0,0,0,0,0,0,0,0,0,0,0,3
241,0.6,0.49333333333333335,0.5133333333333333,0.8666666666666667,0.0,0.0,0.0,0.0,0.0,0.0,0,0,0,0,0,0,0,0,0,0,0,0,0,0,0,0,0,0,0,0,0,0,0,0,0,0,3
242,0.6,0.49333333333333335,0.5133333333333333,0.8666666666666667,0.0,0.0,0.0,0.0,0.0,0.0,0,0,0,0,0,0,0,0,0,0,0,0,0,0,0,0,0,0,0,0,0,0,0,0,0,0,3
243,0.64,0.5533333333333333,0.0,0.0,0.0,0.0,0.0,0.0,0.0,0.0,0,0,0,0,0,0,0,0,0,0,0,0,0,0,0,0,0,0,0,0,0,0,0,0,0,0,3
244,0.6666666666666666,0.5866666666666667,0.0,0.0,0.0,0.0,0.0,0.0,0.0,0.0,0,0,0,0,0,0,0,0,0,0,0,0,0,0,0,0,0,0,0,0,0,0,0,0,0,0,3
245,0.6733333333333333,0.5933333333333334,0.0,0.0,0.0,0.0,0.0,0.0,0.0,0.0,0,0,0,0,0,0,0,0,0,0,0,0,0,0,0,0,0,0,0,0,0,0,0,0,0,0,3
246,0.6933333333333334,0.5733333333333334,0.0,0.0,0.0,0.0,0.0,0.0,0.0,0.0,0,0,0,0,0,0,0,0,0,0,0,0,0,0,0,0,0,0,0,0,0,0,0,0,0,0,3
247,0.7266666666666667,0.5133333333333333,0.0,0.0,0.0,0.0,0.0,0.0,0.0,0.0,0,0,0,0,0,0,0,0,0,0,0,0,0,0,0,0,0,0,0,0,0,0,0,0,0,0,3
248,0.6933333333333334,0.5,0.5866666666666667,0.82,0.0,0.0,0.0,0.0,0.0,0.0,0,0,0,0,0,0,0,0,0,0,0,0,0,0,0,0,0,0,0,0,0,0,0,0,0,0,3
249,0.6933333333333334,0.5,0.5866666666666667,0.82,0.0,0.0,0.0,0.0,0.0,0.0,0,0,0,0,0,0,0,0,0,0,0,0,0,0,0,0,0,0,0,0,0,0,0,0,0,0,3
250,0.6466666666666666,0.49333333333333335,0.5666666666666667,0.86,0.0,0.0,0.0,0.0,0.0,0.0,0,0,0,0,0,0,0,0,0,0,0,0,0,0,0,0,0,0,0,0,0,0,0,0,0,0,3
251,0.6466666666666666,0.49333333333333335,0.5666666666666667,0.86,0.0,0.0,0.0,0.0,0.0,0.0,0,0,0,0,0,0,0,0,0,0,0,0,0,0,0,0,0,0,0,0,0,0,0,0,0,0,3
252,0.52,0.4866666666666667,0.0,0.0,0.0,0.0,0.0,0.0,0.0,0.0,0,0,0,0,0,0,0,0,0,0,0,0,0,0,0,0,0,0,0,0,0,0,0,0,0,0,3
253,0.4,0.48,0.44666666666666666,0.8866666666666667,0.18,0.8666666666666667,0.0,0.0,0.0,0.0,0,0,0,0,0,0,0,0,0,0,0,0,0,0,0,0,0,0,0,0,0,0,0,0,0,0,3
254,0.4,0.48,0.44666666666666666,0.8866666666666667,0.18,0.8666666666666667,0.0,0.0,0.0,0.0,0,0,0,0,0,0,0,0,0,0,0,0,0,0,0,0,0,0,0,0,0,0,0,0,0,0,3
255,0.4,0.48,0.44666666666666666,0.8866666666666667,0.18,0.8666666666666667,0.0,0.0,0.0,0.0,0,0,0,0,0,0,0,0,0,0,0,0,0,0,0,0,0,0,0,0,0,0,0,0,0,0,3
256,0.38666666666666666,0.4866666666666667,0.44666666666666666,0.8866666666666667,0.16666666666666666,0.8733333333333333,0.0,0.0,0.0,0.0,0,0,0,0,0,0,0,0,0,0,0,0,0,0,0,0,0,0,0,0,0,0,0,0,0,0,3
257,0.38666666666666666,0.4866666666666667,0.44666666666666666,0.8866666666666667,0.16666666666666666,0.8733333333333333,0.0,0.0,0.0,0.0,0,0,0,0,0,0,0,0,0,0,0,0,0,0,0,0,0,0,0,0,0,0,0,0,0,0,3
258,0.38666666666666666,0.4866666666666667,0.44666666666666666,0.8866666666666667,0.16666666666666666,0.8733333333333333,0.0,0.0,0.0,0.0,0,0,0,0,0,0,0,0,0,0,0,0,0,0,0,0,0,0,0,0,0,0,0,0,0,0,3
259,0.41333333333333333,0.4866666666666667,0.44666666666666666,0.8866666666666667,0.17333333333333334,0.8666666666666667,0.0,0.0,0.0,0.0,0,0,0,0,0,0,0,0,0,0,0,0,0,0,0,0,0,0,0,0,0,0,0,0,0,0,3
260,0.41333333333333333,0.4866666666666667,0.44666666666666666,0.8866666666666667,0.17333333333333334,0.8666666666666667,0.0,0.0,0.0,0.0,0,0,0,0,0,0,0,0,0,0,0,0,0,0,0,0,0,0,0,0,0,0,0,0,0,0,3
261,0.41333333333333333,0.4866666666666667,0.44666666666666666,0.8866666666666667,0.17333333333333334,0.8666666666666667,0.0,0.0,0.0,0.0,0,0,0,0,0,0,0,0,0,0,0,0,0,0,0,0,0,0,0,0,0,0,0,0,0,0,3
262,0.4266666666666667,0.4866666666666667,0.46,0.8933333333333333,0.0,0.0,0.0,0.0,0.0,0.0,0,0,0,0,0,0,0,0,0,0,0,0,0,0,0,0,0,0,0,0,0,0,0,0,0,0,3
263,0.4266666666666667,0.4866666666666667,0.46,0.8933333333333333,0.0,0.0,0.0,0.0,0.0,0.0,0,0,0,0,0,0,0,0,0,0,0,0,0,0,0,0,0,0,0,0,0,0,0,0,0,0,3
264,0.5066666666666667,0.5266666666666666,0.0,0.0,0.0,0.0,0.0,0.0,0.0,0.0,0,0,0,0,0,0,0,0,0,0,0,0,0,0,0,0,0,0,0,0,0,0,0,0,0,0,3
265,0.6,0.52,0.0,0.0,0.0,0.0,0.0,0.0,0.0,0.0,0,0,0,0,0,0,0,0,0,0,0,0,0,0,0,0,0,0,0,0,0,0,0,0,0,0,3
266,0.6133333333333333,0.5266666666666666,0.0,0.0,0.0,0.0,0.0,0.0,0.0,0.0,0,0,0,0,0,0,0,0,0,0,0,0,0,0,0,0,0,0,0,0,0,0,0,0,0,0,3
267,0.6,0.5266666666666666,0.0,0.0,0.0,0.0,0.0,0.0,0.0,0.0,0,0,0,0,0,0,0,0,0,0,0,0,0,0,0,0,0,0,0,0,0,0,0,0,0,0,3
268,0.6133333333333333,0.5133333333333333,0.0,0.0,0.0,0.0,0.0,0.0,0.0,0.0,0,0,0,0,0,0,0,0,0,0,0,0,0,0,0,0,0,0,0,0,0,0,0,0,0,0,3
269,0.6133333333333333,0.5066666666666667,0.0,0.0,0.0,0.0,0.0,0.0,0.0,0.0,0,0,0,0,0,0,0,0,0,0,0,0,0,0,0,0,0,0,0,0,0,0,0,0,0,0,3
270,0.6133333333333333,0.5133333333333333,0.0,0.0,0.0,0.0,0.0,0.0,0.0,0.0,0,0,0,0,0,0,0,0,0,0,0,0,0,0,0,0,0,0,0,0,0,0,0,0,0,0,3
271,0.6133333333333333,0.5066666666666667,0.0,0.0,0.0,0.0,0.0,0.0,0.0,0.0,0,0,0,0,0,0,0,0,0,0,0,0,0,0,0,0,0,0,0,0,0,0,0,0,0,0,3
272,0.6133333333333333,0.5066666666666667,0.0,0.0,0.0,0.0,0.0,0.0,0.0,0.0,0,0,0,0,0,0,0,0,0,0,0,0,0,0,0,0,0,0,0,0,0,0,0,0,0,0,3
273,0.62,0.5,0.0,0.0,0.0,0.0,0.0,0.0,0.0,0.0,0,0,0,0,0,0,0,0,0,0,0,0,0,0,0,0,0,0,0,0,0,0,0,0,0,0,3
274,0.6266666666666667,0.5066666666666667,0.0,0.0,0.0,0.0,0.0,0.0,0.0,0.0,0,0,0,0,0,0,0,0,0,0,0,0,0,0,0,0,0,0,0,0,0,0,0,0,0,0,3
275,0.62,0.5066666666666667,0.0,0.0,0.0,0.0,0.0,0.0,0.0,0.0,0,0,0,0,0,0,0,0,0,0,0,0,0,0,0,0,0,0,0,0,0,0,0,0,0,0,3
276,0.62,0.5066666666666667,0.0,0.0,0.0,0.0,0.0,0.0,0.0,0.0,0,0,0,0,0,0,0,0,0,0,0,0,0,0,0,0,0,0,0,0,0,0,0,0,0,0,3
277,0.6266666666666667,0.5,0.0,0.0,0.0,0.0,0.0,0.0,0.0,0.0,0,0,0,0,0,0,0,0,0,0,0,0,0,0,0,0,0,0,0,0,0,0,0,0,0,0,3
278,0.6266666666666667,0.48,0.0,0.0,0.0,0.0,0.0,0.0,0.0,0.0,0,0,0,0,0,0,0,0,0,0,0,0,0,0,0,0,0,0,0,0,0,0,0,0,0,0,3
279,0.62,0.4666666666666667,0.0,0.0,0.0,0.0,0.0,0.0,0.0,0.0,0,0,0,0,0,0,0,0,0,0,0,0,0,0,0,0,0,0,0,0,0,0,0,0,0,0,3
280,0.6066666666666667,0.4666666666666667,0.5466666666666666,0.7866666666666666,0.0,0.0,0.0,0.0,0.0,0.0,0,0,0,0,0,0,0,0,0,0,0,0,0,0,0,0,0,0,0,0,0,0,0,0,0,0,3
281,0.6066666666666667,0.4666666666666667,0.5466666666666666,0.7866666666666666,0.0,0.0,0.0,0.0,0.0,0.0,0,0,0,0,0,0,0,0,0,0,0,0,0,0,0,0,0,0,0,0,0,0,0,0,0,0,3
282,0.6066666666666667,0.49333333333333335,0.52,0.84,0.23333333333333334,0.8266666666666667,0.0,0.0,0.0,0.0,0,0,0,0,0,0,0,0,0,0,0,0,0,0,0,0,0,0,0,0,0,0,0,0,0,0,3
283,0.6066666666666667,0.49333333333333335,0.52,0.84,0.23333333333333334,0.8266666666666667,0.0,0.0,0.0,0.0,0,0,0,0,0,0,0,0,0,0,0,0,0,0,0,0,0,0,0,0,0,0,0,0,0,0,3
284,0.6066666666666667,0.49333333333333335,0.52,0.84,0.23333333333333334,0.8266666666666667,0.0,0.0,0.0,0.0,0,0,0,0,0,0,0,0,0,0,0,0,0,0,0,0,0,0,0,0,0,0,0,0,0,0,3
285,0.62,0.5,0.52,0.8533333333333334,0.23333333333333334,0.82,0.0,0.0,0.0,0.0,0,0,0,0,0,0,0,0,0,0,0,0,0,0,0,0,0,0,0,0,0,0,0,0,0,0,3
286,0.62,0.5,0.52,0.8533333333333334,0.23333333333333334,0.82,0.0,0.0,0.0,0.0,0,0,0,0,0,0,0,0,0,0,0,0,0,0,0,0,0,0,0,0,0,0,0,0,0,0,3
287,0.62,0.5,0.52,0.8533333333333334,0.23333333333333334,0.82,0.0,0.0,0.0,0.0,0,0,0,0,0,0,0,0,0,0,0,0,0,0,0,0,0,0,0,0,0,0,0,0,0,0,3
288,0.6266666666666667,0.5133333333333333,0.5333333333333333,0.82,0.0,0.0,0.0,0.0,0.0,0.0,0,0,0,0,0,0,0,0,0,0,0,0,0,0,0,0,0,0,0,0,0,0,0,0,0,0,3
289,0.6266666666666667,0.5133333333333333,0.5333333333333333,0.82,0.0,0.0,0.0,0.0,0.0,0.0,0,0,0,0,0,0,0,0,0,0,0,0,0,0,0,0,0,0,0,0,0,0,0,0,0,0,3
290,0.6266666666666667,0.5266666666666666,0.0,0.0,0.0,0.0,0.0,0.0,0.0,0.0,0,0,0,0,0,0,0,0,0,0,0,0,0,0,0,0,0,0,0,0,0,0,0,0,0,0,3
291,0.6333333333333333,0.5466666666666666,0.0,0.0,0.0,0.0,0.0,0.0,0.0,0.0,0,0,0,0,0,0,0,0,0,0,0,0,0,0,0,0,0,0,0,0,0,0,0,0,0,0,3
292,0.64,0.5733333333333334,0.0,0.0,0.0,0.0,0.0,0.0,0.0,0.0,0,0,0,0,0,0,0,0,0,0,0,0,0,0,0,0,0,0,0,0,0,0,0,0,0,0,3
293,0.6333333333333333,0.5933333333333334,0.0,0.0,0.0,0.0,0.0,0.0,0.0,0.0,0,0,0,0,0,0,0,0,0,0,0,0,0,0,0,0,0,0,0,0,0,0,0,0,0,0,3
294,0.64,0.6,0.0,0.0,0.0,0.0,0.0,0.0,0.0,0.0,0,0,0,0,0,0,0,0,0,0,0,0,0,0,0,0,0,0,0,0,0,0,0,0,0,0,3
295,0.64,0.62,0.0,0.0,0.0,0.0,0.0,0.0,0.0,0.0,0,0,0,0,0,0,0,0,0,0,0,0,0,0,0,0,0,0,0,0,0,0,0,0,0,0,3
296,0.64,0.6333333333333333,0.0,0.0,0.0,0.0,0.0,0.0,0.0,0.0,0,0,0,0,0,0,0,0,0,0,0,0,0,0,0,0,0,0,0,0,0,0,0,0,0,0,3
297,0.64,0.6333333333333333,0.0,0.0,0.0,0.0,0.0,0.0,0.0,0.0,0,0,0,0,0,0,0,0,0,0,0,0,0,0,0,0,0,0,0,0,0,0,0,0,0,0,3
298,0.6533333333333333,0.6,0.0,0.0,0.0,0.0,0.0,0.0,0.0,0.0,0,0,0,0,0,0,0,0,0,0,0,0,0,0,0,0,0,0,0,0,0,0,0,0,0,0,3
299,0.6733333333333333,0.56,0.0,0.0,0.0,0.0,0.0,0.0,0.0,0.0,0,0,0,0,0,0,0,0,0,0,0,0,0,0,0,0,0,0,0,0,0,0,0,0,0,0,3
300,0.6933333333333334,0.5533333333333333,0.0,0.0,0.0,0.0,0.0,0.0,0.0,0.0,0,0,0,0,0,0,0,0,0,0,0,0,0,0,0,0,0,0,0,0,0,0,0,0,0,0,3
301,0.6866666666666666,0.56,0.0,0.0,0.0,0.0,0.0,0.0,0.0,0.0,0,0,0,0,0,0,0,0,0,0,0,0,0,0,0,0,0,0,0,0,0,0,0,0,0,0,3
302,0.6266666666666667,0.56,0.0,0.0,0.0,0.0,0.0,0.0,0.0,0.0,0,0,0,0,0,0,0,0,0,0,0,0,0,0,0,0,0,0,0,0,0,0,0,0,0,0,3
303,0.54,0.5466666666666666,0.0,0.0,0.0,0.0,0.0,0.0,0.0,0.0,0,0,0,0,0,0,0,0,0,0,0,0,0,0,0,0,0,0,0,0,0,0,0,0,0,0,3
304,0.5,0.5333333333333333,0.0,0.0,0.0,0.0,0.0,0.0,0.0,0.0,0,0,0,0,0,0,0,0,0,0,0,0,0,0,0,0,0,0,0,0,0,0,0,0,0,0,3
305,0.46,0.52,0.0,0.0,0.0,0.0,0.0,0.0,0.0,0.0,0,0,0,0,0,0,0,0,0,0,0,0,0,0,0,0,0,0,0,0,0,0,0,0,0,0,3
306,0.44666666666666666,0.5266666666666666,0.0,0.0,0.0,0.0,0.0,0.0,0.0,0.0,0,0,0,0,0,0,0,0,0,0,0,0,0,0,0,0,0,0,0,0,0,0,0,0,0,0,3
307,0.4533333333333333,0.5333333333333333,0.0,0.0,0.0,0.0,0.0,0.0,0.0,0.0,0,0,0,0,0,0,0,0,0,0,0,0,0,0,0,0,0,0,0,0,0,0,0,0,0,0,3
308,0.46,0.54,0.0,0.0,0.0,0.0,0.0,0.0,0.0,0.0,0,0,0,0,0,0,0,0,0,0,0,0,0,0,0,0,0,0,0,0,0,0,0,0,0,0,3
309,0.49333333333333335,0.5466666666666666,0.0,0.0,0.0,0.0,0.0,0.0,0.0,0.0,0,0,0,0,0,0,0,0,0,0,0,0,0,0,0,0,0,0,0,0,0,0,0,0,0,0,3
310,0.5,0.5466666666666666,0.0,0.0,0.0,0.0,0.0,0.0,0.0,0.0,0,0,0,0,0,0,0,0,0,0,0,0,0,0,0,0,0,0,0,0,0,0,0,0,0,0,3
311,0.5,0.5266666666666666,0.0,0.0,0.0,0.0,0.0,0.0,0.0,0.0,0,0,0,0,0,0,0,0,0,0,0,0,0,0,0,0,0,0,0,0,0,0,0,0,0,0,3
312,0.5133333333333333,0.54,0.0,0.0,0.0,0.0,0.0,0.0,0.0,0.0,0,0,0,0,0,0,0,0,0,0,0,0,0,0,0,0,0,0,0,0,0,0,0,0,0,0,3
313,0.52,0.5266666666666666,0.0,0.0,0.0,0.0,0.0,0.0,0.0,0.0,0,0,0,0,0,0,0,0,0,0,0,0,0,0,0,0,0,0,0,0,0,0,0,0,0,0,3
314,0.52,0.52,0.0,0.0,0.0,0.0,0.0,0.0,0.0,0.0,0,0,0,0,0,0,0,0,0,0,0,0,0,0,0,0,0,0,0,0,0,0,0,0,0,0,3
315,0.5266666666666666,0.47333333333333333,0.0,0.0,0.0,0.0,0.0,0.0,0.0,0.0,0,0,0,0,0,0,0,0,0,0,0,0,0,0,0,0,0,0,0,0,0,0,0,0,0,0,3
316,0.54,0.4533333333333333,0.0,0.0,0.0,0.0,0.0,0.0,0.0,0.0,0,0,0,0,0,0,0,0,0,0,0,0,0,0,0,0,0,0,0,0,0,0,0,0,0,0,3
317,0.54,0.4533333333333333,0.0,0.0,0.0,0.0,0.0,0.0,0.0,0.0,0,0,0,0,0,0,0,0,0,0,0,0,0,0,0,0,0,0,0,0,0,0,0,0,0,0,3
318,0.5666666666666667,0.46,0.0,0.0,0.0,0.0,0.0,0.0,0.0,0.0,0,0,0,0,0,0,0,0,0,0,0,0,0,0,0,0,0,0,0,0,0,0,0,0,0,0,3
319,0.62,0.4533333333333333,0.0,0.0,0.0,0.0,0.0,0.0,0.0,0.0,0,0,0,0,0,0,0,0,0,0,0,0,0,0,0,0,0,0,0,0,0,0,0,0,0,0,3
320,0.6333333333333333,0.4666666666666667,0.0,0.0,0.0,0.0,0.0,0.0,0.0,0.0,0,0,0,0,0,0,0,0,0,0,0,0,0,0,0,0,0,0,0,0,0,0,0,0,0,0,3
321,0.62,0.48,0.0,0.0,0.0,0.0,0.0,0.0,0.0,0.0,0,0,0,0,0,0,0,0,0,0,0,0,0,0,0,0,0,0,0,0,0,0,0,0,0,0,3
322,0.5866666666666667,0.5066666666666667,0.0,0.0,0.0,0.0,0.0,0.0,0.0,0.0,0,0,0,0,0,0,0,0,0,0,0,0,0,0,0,0,0,0,0,0,0,0,0,0,0,0,3
323,0.5466666666666666,0.49333333333333335,0.0,0.0,0.0,0.0,0.0,0.0,0.0,0.0,0,0,0,0,0,0,0,0,0,0,0,0,0,0,0,0,0,0,0,0,0,0,0,0,0,0,3
324,0.5266666666666666,0.48,0.4866666666666667,0.8666666666666667,0.20666666666666667,0.8533333333333334,0.0,0.0,0.0,0.0,0,0,0,0,0,0,0,0,0,0,0,0,0,0,0,0,0,0,0,0,0,0,0,0,0,0,3
325,0.5266666666666666,0.48,0.4866666666666667,0.8666666666666667,0.20666666666666667,0.8533333333333334,0.0,0.0,0.0,0.0,0,0,0,0,0,0,0,0,0,0,0,0,0,0,0,0,0,0,0,0,0,0,0,0,0,0,3
326,0.5266666666666666,0.48,0.4866666666666667,0.8666666666666667,0.20666666666666667,0.8533333333333334,0.0,0.0,0.0,0.0,0,0,0,0,0,0,0,0,0,0,0,0,0,0,0,0,0,0,0,0,0,0,0,0,0,0,3
327,0.52,0.47333333333333333,0.49333333333333335,0.86,0.2,0.8533333333333334,0.0,0.0,0.0,0.0,0,0,0,0,0,0,0,0,0,0,0,0,0,0,0,0,0,0,0,0,0,0,0,0,0,0,3
328,0.52,0.47333333333333333,0.49333333333333335,0.86,0.2,0.8533333333333334,0.0,0.0,0.0,0.0,0,0,0,0,0,0,0,0,0,0,0,0,0,0,0,0,0,0,0,0,0,0,0,0,0,0,3
329,0.52,0.47333333333333333,0.49333333333333335,0.86,0.2,0.8533333333333334,0.0,0.0,0.0,0.0,0,0,0,0,0,0,0,0,0,0,0,0,0,0,0,0,0,0,0,0,0,0,0,0,0,0,3
330,0.5133333333333333,0.48,0.4866666666666667,0.8666666666666667,0.2,0.86,0.0,0.0,0.0,0.0,0,0,0,0,0,0,0,0,0,0,0,0,0,0,0,0,0,0,0,0,0,0,0,0,0,0,3
331,0.5133333333333333,0.48,0.4866666666666667,0.8666666666666667,0.2,0.86,0.0,0.0,0.0,0.0,0,0,0,0,0,0,0,0,0,0,0,0,0,0,0,0,0,0,0,0,0,0,0,0,0,0,3
332,0.5133333333333333,0.48,0.4866666666666667,0.8666666666666667,0.2,0.86,0.0,0.0,0.0,0.0,0,0,0,0,0,0,0,0,0,0,0,0,0,0,0,0,0,0,0,0,0,0,0,0,0,0,3
333,0.5266666666666666,0.5,0.0,0.0,0.0,0.0,0.0,0.0,0.0,0.0,0,0,0,0,0,0,0,0,0,0,0,0,0,0,0,0,0,0,0,0,0,0,0,0,0,0,3
334,0.5533333333333333,0.5733333333333334,0.0,0.0,0.0,0.0,0.0,0.0,0.0,0.0,0,0,0,0,0,0,0,0,0,0,0,0,0,0,0,0,0,0,0,0,0,0,0,0,0,0,3
335,0.5666666666666667,0.62,0.0,0.0,0.0,0.0,0.0,0.0,0.0,0.0,0,0,0,0,0,0,0,0,0,0,0,0,0,0,0,0,0,0,0,0,0,0,0,0,0,0,3
336,0.58,0.6333333333333333,0.0,0.0,0.0,0.0,0.0,0.0,0.0,0.0,0,0,0,0,0,0,0,0,0,0,0,0,0,0,0,0,0,0,0,0,0,0,0,0,0,0,3
337,0.6,0.6066666666666667,0.0,0.0,0.0,0.0,0.0,0.0,0.0,0.0,0,0,0,0,0,0,0,0,0,0,0,0,0,0,0,0,0,0,0,0,0,0,0,0,0,0,3
338,0.6466666666666666,0.5533333333333333,0.0,0.0,0.0,0.0,0.0,0.0,0.0,0.0,0,0,0,0,0,0,0,0,0,0,0,0,0,0,0,0,0,0,0,0,0,0,0,0,0,0,3
339,0.6533333333333333,0.5533333333333333,0.0,0.0,0.0,0.0,0.0,0.0,0.0,0.0,0,0,0,0,0,0,0,0,0,0,0,0,0,0,0,0,0,0,0,0,0,0,0,0,0,0,3
340,0.5533333333333333,0.5466666666666666,0.0,0.0,0.0,0.0,0.0,0.0,0.0,0.0,0,0,0,0,0,0,0,0,0,0,0,0,0,0,0,0,0,0,0,0,0,0,0,0,0,0,3
341,0.49333333333333335,0.54,0.0,0.0,0.0,0.0,0.0,0.0,0.0,0.0,0,0,0,0,0,0,0,0,0,0,0,0,0,0,0,0,0,0,0,0,0,0,0,0,0,0,3
342,0.46,0.5266666666666666,0.0,0.0,0.0,0.0,0.0,0.0,0.0,0.0,0,0,0,0,0,0,0,0,0,0,0,0,0,0,0,0,0,0,0,0,0,0,0,0,0,0,3
343,0.47333333333333333,0.5133333333333333,0.0,0.0,0.0,0.0,0.0,0.0,0.0,0.0,0,0,0,0,0,0,0,0,0,0,0,0,0,0,0,0,0,0,0,0,0,0,0,0,0,0,3
344,0.5,0.5,0.0,0.0,0.0,0.0,0.0,0.0,0.0,0.0,0,0,0,0,0,0,0,0,0,0,0,0,0,0,0,0,0,0,0,0,0,0,0,0,0,0,3
345,0.5066666666666667,0.5,0.0,0.0,0.0,0.0,0.0,0.0,0.0,0.0,0,0,0,0,0,0,0,0,0,0,0,0,0,0,0,0,0,0,0,0,0,0,0,0,0,0,3
346,0.5133333333333333,0.4866666666666667,0.0,0.0,0.0,0.0,0.0,0.0,0.0,0.0,0,0,0,0,0,0,0,0,0,0,0,0,0,0,0,0,0,0,0,0,0,0,0,0,0,0,3
347,0.5133333333333333,0.48,0.0,0.0,0.0,0.0,0.0,0.0,0.0,0.0,0,0,0,0,0,0,0,0,0,0,0,0,0,0,0,0,0,0,0,0,0,0,0,0,0,0,3
348,0.52,0.48,0.0,0.0,0.0,0.0,0.0,0.0,0.0,0.0,0,0,0,0,0,0,0,0,0,0,0,0,0,0,0,0,0,0,0,0,0,0,0,0,0,0,3
349,0.5266666666666666,0.47333333333333333,0.0,0.0,0.0,0.0,0.0,0.0,0.0,0.0,0,0,0,0,0,0,0,0,0,0,0,0,0,0,0,0,0,0,0,0,0,0,0,0,0,0,3
350,0.5333333333333333,0.48,0.0,0.0,0.0,0.0,0.0,0.0,0.0,0.0,0,0,0,0,0,0,0,0,0,0,0,0,0,0,0,0,0,0,0,0,0,0,0,0,0,0,3
351,0.5533333333333333,0.5,0.0,0.0,0.0,0.0,0.0,0.0,0.0,0.0,0,0,0,0,0,0,0,0,0,0,0,0,0,0,0,0,0,0,0,0,0,0,0,0,0,0,3
352,0.5733333333333334,0.5066666666666667,0.0,0.0,0.0,0.0,0.0,0.0,0.0,0.0,0,0,0,0,0,0,0,0,0,0,0,0,0,0,0,0,0,0,0,0,0,0,0,0,0,0,3
353,0.6333333333333333,0.5133333333333333,0.0,0.0,0.0,0.0,0.0,0.0,0.0,0.0,0,0,0,0,0,0,0,0,0,0,0,0,0,0,0,0,0,0,0,0,0,0,0,0,0,0,3
